{
  "train_L_supervised": [
    0.21563875675201416,
    0.20969800949096679,
    0.2080981194972992,
    0.207537180185318,
    0.20705071091651917
  ],
  "train_L_align": [
    0.011944976635277271,
    0.011797136999666691,
    0.011731087416410445,
    0.011557827331125736,
    0.011516025196760893
  ],
  "train_L_consistency": [
    0.0,
    0.0,
    0.0,
    0.0,
    0.0
  ],
  "train_L_geo": [
    0.019577009975910185,
    0.006821431824937463,
    0.003350074077025056,
    0.002171776059549302,
    0.001643843750935048
  ],
  "train_L_graph": [
    0.07460046485066414,
    0.02185006532818079,
    0.010173149406909943,
    0.006539829168468713,
    0.004890483990311623
  ],
  "train_L_total": [
    0.01734793707728386,
    0.009447861462831497,
    0.007552873529493809,
    0.0068672518245875835,
    0.006575829721987248
  ],
  "val_loss": [
    0.7141592502593994,
    0.6945430040359497,
    0.6931697130203247,
    0.6950553059577942,
    0.692455530166626
  ]
}